State,Biodiesel,CNG,E85,Electrica,Hydrogenb,LNG,Propanec,Renewable Diesel,Totald,num_stations,num_charging_outlets,Year
Alabama,5.0,32.0,32.0,113 | 227,0 | 0 | 0,2.0,2 | 90 | 92,0.0,390.0,113,227,2016
Alaska,0.0,1.0,0.0,3 | 5,0 | 0 | 0,0.0,0 | 7 | 7,0.0,13.0,3,5,2016
Arizona,76.0,36.0,25.0,424 | 988,0 | 0 | 0,8.0,15 | 78 | 93,0.0,1226.0,424,988,2016
Arkansas,5.0,17.0,44.0,63 | 89,0 | 0 | 0,1.0,1 | 44 | 45,0.0,201.0,63,89,2016
California,42.0,319.0,119.0,"4,184 | 13,655",25 | 14 | 39,44.0,34 | 288 | 322,0.0,14540.0,4184,13655,2016
Colorado,16.0,46.0,88.0,445 | 978,0 | 1 | 1,1.0,0 | 59 | 59,0.0,1189.0,445,978,2016
Connecticut,3.0,19.0,4.0,341 | 725,0 | 2 | 2,1.0,3 | 19 | 22,0.0,776.0,341,725,2016
Delaware,1.0,1.0,1.0,30 | 67,0 | 1 | 1,0.0,5 | 4 | 9,0.0,80.0,30,67,2016
District of Columbia,8.0,3.0,4.0,102 | 241,0 | 1 | 1,0.0,0 | 0 | 0,0.0,257.0,102,241,2016
Florida,14.0,57.0,74.0,"965 | 2,091",0 | 0 | 0,3.0,6 | 147 | 153,0.0,2392.0,965,2091,2016
Georgia,24.0,48.0,56.0,"591 | 1,493",0 | 0 | 0,4.0,6 | 90 | 96,0.0,1721.0,591,1493,2016
Hawaii,8.0,1.0,2.0,249 | 566,0 | 4 | 4,0.0,1 | 5 | 6,0.0,587.0,249,566,2016
Idaho,2.0,11.0,6.0,60 | 133,0 | 0 | 0,6.0,4 | 30 | 34,0.0,192.0,60,133,2016
Illinois,12.0,56.0,263.0,"524 | 1,109",0 | 1 | 1,2.0,42 | 81 | 123,0.0,1566.0,524,1109,2016
Indiana,6.0,35.0,200.0,196 | 388,0 | 0 | 0,2.0,11 | 178 | 189,0.0,820.0,196,388,2016
Iowa,9.0,10.0,210.0,109 | 216,0 | 0 | 0,0.0,3 | 32 | 35,0.0,480.0,109,216,2016
Kansas,5.0,20.0,21.0,197 | 725,0 | 0 | 0,1.0,1 | 40 | 41,0.0,813.0,197,725,2016
Kentucky,4.0,11.0,72.0,82 | 167,0 | 0 | 0,1.0,2 | 36 | 38,0.0,293.0,82,167,2016
Louisiana,2.0,22.0,11.0,79 | 155,0 | 0 | 0,2.0,4 | 46 | 50,0.0,242.0,79,155,2016
Maine,3.0,2.0,0.0,111 | 181,0 | 0 | 0,0.0,4 | 11 | 15,0.0,201.0,111,181,2016
Maryland,11.0,16.0,34.0,"499 | 1,129",0 | 0 | 0,1.0,3 | 29 | 32,0.0,1223.0,499,1129,2016
Massachusetts,12.0,18.0,7.0,"507 | 1,243",0 | 2 | 2,1.0,1 | 34 | 35,0.0,1318.0,507,1243,2016
Michigan,10.0,27.0,254.0,"534 | 1,122",0 | 2 | 2,0.0,11 | 97 | 108,0.0,1523.0,534,1122,2016
Minnesota,7.0,25.0,314.0,286 | 687,0 | 0 | 0,0.0,11 | 40 | 51,0.0,1084.0,286,687,2016
Mississippi,4.0,5.0,3.0,41 | 64,0 | 0 | 0,2.0,4 | 93 | 97,0.0,175.0,41,64,2016
Missouri,3.0,22.0,92.0,"295 | 1,155",0 | 0 | 0,1.0,6 | 62 | 68,0.0,1341.0,295,1155,2016
Montana,7.0,1.0,2.0,36 | 76,0 | 0 | 0,0.0,2 | 53 | 55,0.0,141.0,36,76,2016
Nebraska,1.0,11.0,80.0,58 | 116,0 | 0 | 0,1.0,9 | 19 | 28,0.0,237.0,58,116,2016
Nevada,4.0,6.0,20.0,173 | 474,0 | 0 | 0,2.0,4 | 30 | 34,0.0,540.0,173,474,2016
New Hampshire,4.0,3.0,0.0,98 | 181,0 | 0 | 0,0.0,5 | 16 | 21,0.0,209.0,98,181,2016
New Jersey,5.0,28.0,5.0,244 | 494,0 | 0 | 0,0.0,0 | 21 | 21,0.0,553.0,244,494,2016
New Mexico,5.0,14.0,10.0,58 | 135,0 | 0 | 0,1.0,3 | 52 | 55,0.0,220.0,58,135,2016
New York,35.0,114.0,79.0,"862 | 1,677",0 | 1 | 1,0.0,11 | 66 | 77,0.0,1983.0,862,1677,2016
North Carolina,122.0,40.0,58.0,"453 | 1,015",0 | 0 | 0,1.0,7 | 99 | 106,0.0,1342.0,453,1015,2016
North Dakota,3.0,0.0,43.0,7 | 9,0 | 0 | 0,0.0,0 | 25 | 25,0.0,80.0,7,9,2016
Ohio,14.0,59.0,151.0,278 | 499,0 | 1 | 1,6.0,14 | 89 | 103,0.0,833.0,278,499,2016
Oklahoma,5.0,125.0,30.0,54 | 103,0 | 0 | 0,1.0,6 | 138 | 144,0.0,408.0,54,103,2016
Oregon,52.0,17.0,10.0,"542 | 1,249",0 | 0 | 0,3.0,17 | 44 | 61,0.0,1392.0,542,1249,2016
Pennsylvania,7.0,68.0,41.0,352 | 654,0 | 1 | 1,3.0,9 | 94 | 103,0.0,877.0,352,654,2016
Rhode Island,6.0,5.0,0.0,80 | 201,0 | 0 | 0,0.0,1 | 6 | 7,0.0,219.0,80,201,2016
South Carolina,25.0,12.0,67.0,200 | 364,0 | 1 | 1,1.0,10 | 43 | 53,0.0,523.0,200,364,2016
South Dakota,2.0,1.0,74.0,23 | 40,0 | 0 | 0,0.0,3 | 24 | 27,0.0,144.0,23,40,2016
Tennessee,31.0,19.0,78.0,428 | 970,0 | 0 | 0,5.0,3 | 85 | 88,0.0,1191.0,428,970,2016
Texas,17.0,132.0,193.0,"998 | 2,386",0 | 1 | 1,20.0,20 | 467 | 487,0.0,3236.0,998,2386,2016
Utah,1.0,90.0,1.0,127 | 291,0 | 0 | 0,8.0,3 | 45 | 48,0.0,439.0,127,291,2016
Vermont,3.0,3.0,1.0,161 | 380,0 | 0 | 0,0.0,0 | 2 | 2,0.0,389.0,161,380,2016
Virginia,11.0,21.0,22.0,427 | 991,0 | 0 | 0,2.0,8 | 80 | 88,0.0,1135.0,427,991,2016
Washington,40.0,27.0,21.0,"738 | 1,791",0 | 0 | 0,2.0,19 | 71 | 90,0.0,1971.0,738,1791,2016
West Virginia,2.0,4.0,12.0,43 | 96,0 | 0 | 0,0.0,1 | 12 | 13,0.0,127.0,43,96,2016
Wisconsin,5.0,57.0,151.0,280 | 445,0 | 0 | 0,1.0,4 | 65 | 69,0.0,728.0,280,445,2016
Wyoming,14.0,13.0,10.0,32 | 63,0 | 0 | 0,0.0,4 | 25 | 29,0.0,129.0,32,63,2016
Alabama,5.0,33.0,39.0,145 | 319,0 | 0 | 0,3.0,6 | 83 | 89,0.0,488.0,145,319,2017
Alaska,0.0,1.0,0.0,7 | 11,0 | 0 | 0,0.0,0 | 7 | 7,0.0,19.0,7,11,2017
Arizona,76.0,30.0,21.0,"432 | 1,041",0 | 0 | 0,8.0,22 | 67 | 89,0.0,1265.0,432,1041,2017
Arkansas,4.0,16.0,43.0,62 | 112,0 | 0 | 0,1.0,0 | 40 | 40,0.0,216.0,62,112,2017
California,36.0,322.0,146.0,"4,683 | 16,111",31 | 11 | 42,44.0,44 | 251 | 295,0.0,16996.0,4683,16111,2017
Colorado,16.0,42.0,91.0,"567 | 1,401",0 | 1 | 1,1.0,3 | 53 | 56,0.0,1608.0,567,1401,2017
Connecticut,2.0,21.0,4.0,358 | 782,0 | 2 | 2,1.0,3 | 17 | 20,0.0,832.0,358,782,2017
Delaware,1.0,1.0,1.0,41 | 113,0 | 1 | 1,0.0,6 | 3 | 9,0.0,126.0,41,113,2017
District of Columbia,7.0,2.0,3.0,97 | 264,0 | 1 | 1,0.0,0 | 0 | 0,0.0,277.0,97,264,2017
Florida,14.0,59.0,82.0,"1,134 | 2,508",0 | 0 | 0,3.0,13 | 127 | 140,0.0,2806.0,1134,2508,2017
Georgia,23.0,48.0,53.0,"698 | 1,882",0 | 0 | 0,4.0,17 | 75 | 92,0.0,2102.0,698,1882,2017
Hawaii,8.0,1.0,2.0,275 | 626,0 | 4 | 4,0.0,0 | 5 | 5,0.0,646.0,275,626,2017
Idaho,2.0,11.0,5.0,77 | 171,0 | 0 | 0,2.0,0 | 31 | 31,0.0,222.0,77,171,2017
Illinois,14.0,47.0,270.0,"543 | 1,205",0 | 1 | 1,2.0,48 | 73 | 121,0.0,1660.0,543,1205,2017
Indiana,6.0,35.0,204.0,198 | 399,0 | 0 | 0,1.0,14 | 171 | 185,0.0,830.0,198,399,2017
Iowa,9.0,9.0,247.0,117 | 258,0 | 0 | 0,0.0,1 | 32 | 33,0.0,556.0,117,258,2017
Kansas,3.0,23.0,20.0,194 | 742,0 | 0 | 0,1.0,2 | 36 | 38,0.0,827.0,194,742,2017
Kentucky,5.0,12.0,73.0,95 | 191,0 | 0 | 0,2.0,2 | 34 | 36,0.0,319.0,95,191,2017
Louisiana,7.0,25.0,12.0,88 | 195,0 | 0 | 0,1.0,26 | 49 | 75,0.0,315.0,88,195,2017
Maine,3.0,2.0,0.0,129 | 216,0 | 0 | 0,0.0,4 | 10 | 14,0.0,235.0,129,216,2017
Maryland,13.0,17.0,36.0,"563 | 1,360",0 | 0 | 0,1.0,8 | 26 | 34,0.0,1461.0,563,1360,2017
Massachusetts,11.0,16.0,7.0,"586 | 1,474",0 | 2 | 2,1.0,1 | 33 | 34,0.0,1545.0,586,1474,2017
Michigan,9.0,23.0,254.0,"554 | 1,206",0 | 2 | 2,0.0,15 | 88 | 103,0.0,1597.0,554,1206,2017
Minnesota,7.0,25.0,372.0,294 | 760,0 | 0 | 0,0.0,7 | 41 | 48,0.0,1212.0,294,760,2017
Mississippi,4.0,7.0,5.0,57 | 116,0 | 0 | 0,2.0,8 | 83 | 91,0.0,225.0,57,116,2017
Missouri,3.0,22.0,94.0,"377 | 1,558",0 | 0 | 0,1.0,13 | 56 | 69,0.0,1747.0,377,1558,2017
Montana,7.0,1.0,2.0,33 | 84,0 | 0 | 0,0.0,2 | 46 | 48,0.0,142.0,33,84,2017
Nebraska,2.0,11.0,95.0,64 | 163,0 | 0 | 0,1.0,6 | 21 | 27,0.0,299.0,64,163,2017
Nevada,4.0,6.0,19.0,229 | 604,0 | 0 | 0,1.0,4 | 27 | 31,0.0,665.0,229,604,2017
New Hampshire,4.0,4.0,0.0,100 | 189,0 | 0 | 0,0.0,4 | 25 | 29,0.0,226.0,100,189,2017
New Jersey,5.0,26.0,4.0,265 | 553,0 | 0 | 0,0.0,0 | 19 | 19,0.0,607.0,265,553,2017
New Mexico,5.0,14.0,11.0,61 | 165,0 | 0 | 0,1.0,5 | 54 | 59,0.0,255.0,61,165,2017
New York,34.0,84.0,72.0,"954 | 1,952",0 | 1 | 1,0.0,10 | 61 | 71,0.0,2214.0,954,1952,2017
North Carolina,115.0,43.0,79.0,"595 | 1,352",0 | 0 | 0,1.0,7 | 85 | 92,0.0,1682.0,595,1352,2017
North Dakota,2.0,1.0,41.0,10 | 15,0 | 0 | 0,0.0,2 | 22 | 24,0.0,83.0,10,15,2017
Ohio,14.0,59.0,164.0,378 | 743,0 | 3 | 3,6.0,9 | 83 | 92,0.0,1081.0,378,743,2017
Oklahoma,5.0,120.0,32.0,60 | 137,0 | 0 | 0,2.0,7 | 128 | 135,0.0,431.0,60,137,2017
Oregon,70.0,16.0,10.0,"564 | 1,345",0 | 0 | 0,2.0,14 | 43 | 57,0.0,1500.0,564,1345,2017
Pennsylvania,7.0,77.0,117.0,388 | 770,0 | 0 | 0,3.0,14 | 90 | 104,0.0,1078.0,388,770,2017
Rhode Island,6.0,4.0,0.0,85 | 213,0 | 0 | 0,0.0,1 | 5 | 6,0.0,229.0,85,213,2017
South Carolina,24.0,13.0,64.0,243 | 480,0 | 2 | 2,1.0,7 | 42 | 49,0.0,633.0,243,480,2017
South Dakota,2.0,1.0,77.0,26 | 47,0 | 0 | 0,0.0,3 | 22 | 25,0.0,152.0,26,47,2017
Tennessee,27.0,22.0,81.0,"450 | 1,036",0 | 0 | 0,6.0,6 | 72 | 78,0.0,1250.0,450,1036,2017
Texas,18.0,127.0,215.0,"1,073 | 2,654",0 | 1 | 1,23.0,36 | 434 | 470,0.0,3508.0,1073,2654,2017
Utah,1.0,79.0,1.0,145 | 379,0 | 0 | 0,6.0,6 | 40 | 46,0.0,512.0,145,379,2017
Vermont,2.0,3.0,0.0,173 | 426,0 | 0 | 0,0.0,0 | 2 | 2,0.0,433.0,173,426,2017
Virginia,10.0,23.0,31.0,"474 | 1,094",0 | 0 | 0,2.0,9 | 83 | 92,0.0,1252.0,474,1094,2017
Washington,41.0,25.0,18.0,"810 | 2,136",0 | 0 | 0,2.0,14 | 74 | 88,0.0,2310.0,810,2136,2017
West Virginia,2.0,3.0,33.0,69 | 199,0 | 0 | 0,0.0,0 | 10 | 10,0.0,247.0,69,199,2017
Wisconsin,5.0,56.0,157.0,283 | 489,0 | 0 | 0,1.0,10 | 64 | 74,0.0,782.0,283,489,2017
Wyoming,4.0,14.0,12.0,37 | 91,0 | 0 | 0,0.0,0 | 28 | 28,0.0,149.0,37,91,2017
Alabama,9.0,29.0,40.0,165 | 395,0 | 0 | 0,3.0,3 | 79 | 82,0.0,558.0,165,395,2018
Alaska,0.0,1.0,0.0,7 | 11,0 | 0 | 0,0.0,0 | 6 | 6,0.0,18.0,7,11,2018
Arizona,77.0,28.0,22.0,"480 | 1,227",0 | 0 | 0,8.0,20 | 66 | 86,0.0,1448.0,480,1227,2018
Arkansas,3.0,14.0,43.0,70 | 124,0 | 0 | 0,1.0,1 | 38 | 39,0.0,224.0,70,124,2018
California,29.0,322.0,161.0,"5,480 | 21,166",36 | 6 | 42,47.0,54 | 238 | 292,0.0,22059.0,5480,21166,2018
Colorado,13.0,41.0,81.0,"707 | 1,788",0 | 1 | 1,1.0,3 | 54 | 57,0.0,1982.0,707,1788,2018
Connecticut,2.0,21.0,4.0,383 | 837,0 | 2 | 2,1.0,6 | 16 | 22,0.0,889.0,383,837,2018
Delaware,1.0,1.0,1.0,50 | 133,0 | 1 | 1,0.0,5 | 3 | 8,0.0,145.0,50,133,2018
District of Columbia,7.0,2.0,3.0,124 | 337,0 | 1 | 1,0.0,0 | 0 | 0,0.0,350.0,124,337,2018
Florida,14.0,56.0,88.0,"1,265 | 3,027",0 | 0 | 0,3.0,13 | 126 | 139,0.0,3327.0,1265,3027,2018
Georgia,23.0,51.0,54.0,"772 | 2,188",0 | 0 | 0,4.0,13 | 77 | 90,0.0,2410.0,772,2188,2018
Hawaii,6.0,0.0,2.0,278 | 536,1 | 4 | 5,1.0,0 | 4 | 4,0.0,554.0,278,536,2018
Idaho,0.0,11.0,6.0,87 | 174,0 | 0 | 0,0.0,2 | 30 | 32,0.0,223.0,87,174,2018
Illinois,22.0,46.0,280.0,"579 | 1,399",0 | 0 | 0,2.0,34 | 70 | 104,0.0,1853.0,579,1399,2018
Indiana,5.0,33.0,211.0,225 | 489,0 | 0 | 0,1.0,14 | 51 | 65,0.0,804.0,225,489,2018
Iowa,10.0,10.0,267.0,129 | 296,0 | 0 | 0,0.0,3 | 30 | 33,0.0,616.0,129,296,2018
Kansas,1.0,23.0,26.0,198 | 783,0 | 0 | 0,1.0,2 | 37 | 39,0.0,873.0,198,783,2018
Kentucky,3.0,10.0,74.0,114 | 221,0 | 0 | 0,2.0,2 | 32 | 34,0.0,344.0,114,221,2018
Louisiana,6.0,23.0,12.0,102 | 213,0 | 0 | 0,1.0,18 | 47 | 65,0.0,320.0,102,213,2018
Maine,3.0,2.0,1.0,151 | 264,0 | 0 | 0,0.0,4 | 8 | 12,0.0,282.0,151,264,2018
Maryland,12.0,15.0,35.0,"665 | 1,752",0 | 0 | 0,0.0,9 | 25 | 34,0.0,1848.0,665,1752,2018
Massachusetts,12.0,15.0,7.0,"649 | 1,794",0 | 2 | 2,1.0,2 | 31 | 33,0.0,1864.0,649,1794,2018
Michigan,7.0,21.0,253.0,"606 | 1,382",0 | 2 | 2,0.0,18 | 91 | 109,0.0,1774.0,606,1382,2018
Minnesota,19.0,25.0,412.0,318 | 788,0 | 0 | 0,0.0,10 | 38 | 48,0.0,1292.0,318,788,2018
Mississippi,4.0,6.0,5.0,58 | 119,0 | 0 | 0,3.0,7 | 79 | 86,0.0,223.0,58,119,2018
Missouri,2.0,21.0,98.0,"409 | 1,675",0 | 0 | 0,1.0,11 | 66 | 77,0.0,1874.0,409,1675,2018
Montana,7.0,1.0,2.0,43 | 96,0 | 0 | 0,0.0,2 | 43 | 45,0.0,151.0,43,96,2018
Nebraska,2.0,11.0,88.0,78 | 195,0 | 0 | 0,1.0,8 | 26 | 34,0.0,331.0,78,195,2018
Nevada,2.0,5.0,14.0,226 | 659,0 | 0 | 0,1.0,5 | 26 | 31,0.0,712.0,226,659,2018
New Hampshire,3.0,4.0,0.0,126 | 228,0 | 0 | 0,0.0,6 | 24 | 30,0.0,265.0,126,228,2018
New Jersey,5.0,27.0,6.0,309 | 749,0 | 0 | 0,0.0,1 | 15 | 16,0.0,803.0,309,749,2018
New Mexico,5.0,11.0,12.0,70 | 181,0 | 0 | 0,1.0,5 | 58 | 63,0.0,273.0,70,181,2018
New York,34.0,74.0,72.0,"1,157 | 2,562",0 | 1 | 1,0.0,11 | 55 | 66,0.0,2809.0,1157,2562,2018
North Carolina,111.0,39.0,86.0,"666 | 1,488",0 | 0 | 0,1.0,10 | 81 | 91,0.0,1816.0,666,1488,2018
North Dakota,3.0,1.0,44.0,20 | 28,0 | 0 | 0,0.0,3 | 21 | 24,0.0,100.0,20,28,2018
Ohio,14.0,58.0,165.0,441 | 949,0 | 2 | 2,5.0,17 | 76 | 93,0.0,1286.0,441,949,2018
Oklahoma,4.0,124.0,52.0,65 | 167,0 | 0 | 0,1.0,10 | 125 | 135,0.0,483.0,65,167,2018
Oregon,65.0,16.0,10.0,"669 | 1,544",0 | 0 | 0,2.0,16 | 45 | 61,0.0,1698.0,669,1544,2018
Pennsylvania,6.0,80.0,123.0,453 | 985,0 | 0 | 0,3.0,13 | 86 | 99,0.0,1296.0,453,985,2018
Rhode Island,5.0,4.0,0.0,89 | 246,0 | 0 | 0,0.0,0 | 6 | 6,0.0,261.0,89,246,2018
South Carolina,24.0,11.0,66.0,270 | 554,0 | 1 | 1,1.0,7 | 42 | 49,0.0,706.0,270,554,2018
South Dakota,1.0,0.0,77.0,33 | 77,0 | 0 | 0,0.0,3 | 23 | 26,0.0,181.0,33,77,2018
Tennessee,21.0,23.0,78.0,"458 | 1,145",0 | 0 | 0,5.0,5 | 66 | 71,0.0,1343.0,458,1145,2018
Texas,16.0,119.0,220.0,"1,180 | 3,138",0 | 1 | 1,21.0,35 | 422 | 457,0.0,3972.0,1180,3138,2018
Utah,1.0,70.0,2.0,196 | 553,0 | 0 | 0,2.0,5 | 39 | 44,0.0,672.0,196,553,2018
Vermont,3.0,3.0,0.0,209 | 535,0 | 0 | 0,0.0,0 | 1 | 1,0.0,542.0,209,535,2018
Virginia,9.0,22.0,47.0,"615 | 1,446",0 | 0 | 0,2.0,7 | 75 | 82,0.0,1608.0,615,1446,2018
Washington,39.0,23.0,20.0,"961 | 2,573",0 | 1 | 1,1.0,16 | 70 | 86,0.0,2743.0,961,2573,2018
West Virginia,2.0,3.0,33.0,89 | 212,0 | 0 | 0,0.0,0 | 10 | 10,0.0,260.0,89,212,2018
Wisconsin,4.0,54.0,212.0,306 | 557,0 | 0 | 0,1.0,11 | 61 | 72,0.0,900.0,306,557,2018
Wyoming,4.0,13.0,12.0,45 | 121,0 | 0 | 0,0.0,0 | 29 | 29,0.0,179.0,45,121,2018
Alabama,10.0,27.0,34.0,195 | 506,0 | 0 | 0,2.0,25 | 47 | 72,0.0,651.0,195,506,2019
Alaska,0.0,1.0,0.0,19 | 34,0 | 0 | 0,0.0,1 | 4 | 5,0.0,40.0,19,34,2019
Arizona,78.0,30.0,22.0,"522 | 1,476",0 | 1 | 1,8.0,24 | 51 | 75,0.0,1690.0,522,1476,2019
Arkansas,3.0,16.0,47.0,98 | 290,0 | 0 | 0,1.0,7 | 30 | 37,0.0,394.0,98,290,2019
California,29.0,321.0,195.0,"6,439 | 27,199",43 | 5 | 48,44.0,70 | 203 | 273,0.0,28109.0,6439,27199,2019
Colorado,8.0,35.0,84.0,"861 | 2,516",0 | 1 | 1,1.0,12 | 40 | 52,0.0,2697.0,861,2516,2019
Connecticut,2.0,17.0,3.0,"422 | 1,048",0 | 2 | 2,0.0,10 | 11 | 21,0.0,1093.0,422,1048,2019
Delaware,1.0,2.0,1.0,57 | 172,0 | 1 | 1,0.0,3 | 6 | 9,0.0,186.0,57,172,2019
District of Columbia,7.0,2.0,3.0,172 | 553,0 | 1 | 1,0.0,0 | 0 | 0,0.0,566.0,172,553,2019
Florida,10.0,61.0,88.0,"1,562 | 4,562",0 | 0 | 0,3.0,19 | 115 | 134,0.0,4858.0,1562,4562,2019
Georgia,6.0,50.0,52.0,"882 | 2,939",0 | 0 | 0,4.0,29 | 60 | 89,0.0,3140.0,882,2939,2019
Hawaii,7.0,0.0,2.0,296 | 666,1 | 1 | 2,1.0,0 | 2 | 2,0.0,680.0,296,666,2019
Idaho,0.0,11.0,4.0,95 | 216,0 | 0 | 0,0.0,8 | 22 | 30,0.0,261.0,95,216,2019
Illinois,19.0,42.0,279.0,"663 | 1,864",0 | 0 | 0,2.0,34 | 66 | 100,0.0,2306.0,663,1864,2019
Indiana,3.0,34.0,221.0,239 | 614,0 | 0 | 0,1.0,19 | 46 | 65,0.0,938.0,239,614,2019
Iowa,11.0,11.0,300.0,141 | 348,0 | 0 | 0,0.0,9 | 25 | 34,0.0,704.0,141,348,2019
Kansas,1.0,21.0,38.0,234 | 904,0 | 0 | 0,1.0,3 | 34 | 37,0.0,1002.0,234,904,2019
Kentucky,3.0,10.0,71.0,133 | 315,0 | 0 | 0,2.0,4 | 28 | 32,0.0,433.0,133,315,2019
Louisiana,2.0,23.0,14.0,107 | 293,0 | 0 | 0,1.0,7 | 52 | 59,0.0,392.0,107,293,2019
Maine,4.0,1.0,1.0,184 | 433,0 | 0 | 0,0.0,3 | 10 | 13,0.0,452.0,184,433,2019
Maryland,11.0,13.0,39.0,"738 | 2,110",0 | 0 | 0,0.0,7 | 24 | 31,0.0,2204.0,738,2110,2019
Massachusetts,10.0,15.0,6.0,"811 | 2,455",0 | 2 | 2,1.0,9 | 23 | 32,0.0,2521.0,811,2455,2019
Michigan,9.0,21.0,241.0,"616 | 1,429",0 | 2 | 2,0.0,26 | 74 | 100,0.0,1802.0,616,1429,2019
Minnesota,16.0,26.0,430.0,"380 | 1,051",0 | 0 | 0,0.0,17 | 30 | 47,0.0,1570.0,380,1051,2019
Mississippi,2.0,6.0,6.0,81 | 292,0 | 0 | 0,2.0,12 | 71 | 83,0.0,391.0,81,292,2019
Missouri,2.0,20.0,111.0,"452 | 1,895",0 | 0 | 0,1.0,16 | 57 | 73,0.0,2102.0,452,1895,2019
Montana,3.0,1.0,1.0,55 | 137,0 | 0 | 0,0.0,10 | 31 | 41,0.0,183.0,55,137,2019
Nebraska,3.0,8.0,97.0,95 | 238,0 | 0 | 0,1.0,4 | 24 | 28,0.0,375.0,95,238,2019
Nevada,2.0,6.0,12.0,284 | 927,0 | 0 | 0,1.0,5 | 23 | 28,0.0,976.0,284,927,2019
New Hampshire,2.0,4.0,0.0,121 | 244,0 | 0 | 0,0.0,7 | 20 | 27,0.0,277.0,121,244,2019
New Jersey,4.0,27.0,6.0,"457 | 1,297",0 | 0 | 0,0.0,4 | 13 | 17,0.0,1351.0,457,1297,2019
New Mexico,3.0,11.0,14.0,82 | 245,0 | 0 | 0,1.0,33 | 29 | 62,0.0,336.0,82,245,2019
New York,34.0,69.0,71.0,"1,655 | 4,531",0 | 1 | 1,0.0,16 | 43 | 59,0.0,4765.0,1655,4531,2019
North Carolina,114.0,40.0,89.0,"732 | 1,903",0 | 0 | 0,2.0,12 | 63 | 75,0.0,2223.0,732,1903,2019
North Dakota,2.0,1.0,41.0,28 | 46,0 | 0 | 0,0.0,5 | 19 | 24,0.0,114.0,28,46,2019
Ohio,13.0,60.0,180.0,"544 | 1,443",0 | 1 | 1,5.0,18 | 72 | 90,0.0,1792.0,544,1443,2019
Oklahoma,3.0,118.0,56.0,131 | 309,0 | 0 | 0,1.0,23 | 107 | 130,0.0,617.0,131,309,2019
Oregon,47.0,16.0,9.0,"722 | 1,895",0 | 0 | 0,2.0,25 | 32 | 57,0.0,2026.0,722,1895,2019
Pennsylvania,5.0,88.0,125.0,"572 | 1,475",0 | 0 | 0,3.0,15 | 92 | 107,0.0,1803.0,572,1475,2019
Rhode Island,5.0,4.0,0.0,113 | 407,0 | 0 | 0,0.0,1 | 3 | 4,0.0,420.0,113,407,2019
South Carolina,34.0,12.0,53.0,286 | 643,0 | 1 | 1,1.0,11 | 48 | 59,0.0,803.0,286,643,2019
South Dakota,0.0,0.0,83.0,41 | 127,0 | 0 | 0,0.0,6 | 17 | 23,0.0,233.0,41,127,2019
Tennessee,8.0,24.0,73.0,"453 | 1,207",0 | 0 | 0,4.0,9 | 56 | 65,0.0,1381.0,453,1207,2019
Texas,23.0,108.0,232.0,"1,376 | 4,009",0 | 0 | 0,16.0,138 | 322 | 460,0.0,4848.0,1376,4009,2019
Utah,0.0,51.0,2.0,289 | 950,0 | 0 | 0,2.0,17 | 22 | 39,0.0,1044.0,289,950,2019
Vermont,2.0,3.0,0.0,237 | 664,0 | 0 | 0,0.0,0 | 1 | 1,0.0,670.0,237,664,2019
Virginia,10.0,24.0,58.0,"710 | 2,056",0 | 0 | 0,2.0,10 | 78 | 88,0.0,2238.0,710,2056,2019
Washington,37.0,24.0,20.0,"1,095 | 3,206",0 | 1 | 1,1.0,29 | 53 | 82,0.0,3371.0,1095,3206,2019
West Virginia,0.0,3.0,34.0,89 | 244,0 | 0 | 0,0.0,0 | 14 | 14,0.0,295.0,89,244,2019
Wisconsin,4.0,50.0,227.0,345 | 711,0 | 0 | 0,1.0,13 | 53 | 66,0.0,1059.0,345,711,2019
Wyoming,0.0,8.0,11.0,57 | 159,0 | 0 | 0,0.0,6 | 19 | 25,0.0,203.0,57,159,2019
Alabama,10.0,30.0,29.0,224 | 598,0 | 0 | 0,2.0,24 | 47 | 71,0.0,740.0,224,598,2020
Alaska,0.0,1.0,0.0,37 | 68,0 | 0 | 0,0.0,1 | 2 | 3,0.0,72.0,37,68,2020
Arizona,75.0,30.0,20.0,"573 | 1,788",0 | 1 | 1,7.0,28 | 50 | 78,0.0,1999.0,573,1788,2020
Arkansas,3.0,15.0,50.0,112 | 350,0 | 0 | 0,1.0,9 | 27 | 36,0.0,455.0,112,350,2020
California,27.0,322.0,198.0,"7,689 | 34,924",43 | 6 | 49,41.0,86 | 182 | 268,0.0,35829.0,7689,34924,2020
Colorado,7.0,34.0,88.0,"1,066 | 3,253",0 | 1 | 1,0.0,12 | 41 | 53,0.0,3436.0,1066,3253,2020
Connecticut,1.0,18.0,3.0,"456 | 1,240",1 | 1 | 2,0.0,8 | 11 | 19,0.0,1283.0,456,1240,2020
Delaware,1.0,2.0,1.0,70 | 206,0 | 1 | 1,0.0,7 | 2 | 9,0.0,220.0,70,206,2020
District of Columbia,7.0,2.0,3.0,189 | 694,0 | 0 | 0,0.0,0 | 0 | 0,0.0,706.0,189,694,2020
Florida,10.0,56.0,94.0,"1,836 | 5,564",0 | 0 | 0,3.0,24 | 90 | 114,0.0,5841.0,1836,5564,2020
Georgia,6.0,51.0,66.0,"1,008 | 3,661",0 | 0 | 0,4.0,31 | 58 | 89,0.0,3877.0,1008,3661,2020
Hawaii,7.0,0.0,2.0,320 | 759,1 | 1 | 2,1.0,0 | 1 | 1,0.0,772.0,320,759,2020
Idaho,0.0,11.0,5.0,113 | 281,0 | 0 | 0,0.0,10 | 17 | 27,0.0,324.0,113,281,2020
Illinois,19.0,38.0,284.0,"805 | 2,360",0 | 0 | 0,2.0,35 | 59 | 94,0.0,2797.0,805,2360,2020
Indiana,3.0,32.0,234.0,282 | 784,0 | 0 | 0,1.0,19 | 39 | 58,0.0,1112.0,282,784,2020
Iowa,10.0,12.0,315.0,188 | 487,0 | 0 | 0,0.0,13 | 19 | 32,0.0,856.0,188,487,2020
Kansas,1.0,21.0,56.0,246 | 950,0 | 0 | 0,1.0,3 | 34 | 37,0.0,1066.0,246,950,2020
Kentucky,3.0,9.0,72.0,168 | 383,0 | 0 | 0,1.0,3 | 25 | 28,0.0,496.0,168,383,2020
Louisiana,1.0,22.0,18.0,141 | 360,0 | 0 | 0,1.0,8 | 43 | 51,0.0,453.0,141,360,2020
Maine,2.0,2.0,0.0,220 | 518,0 | 0 | 0,0.0,2 | 7 | 9,0.0,531.0,220,518,2020
Maryland,11.0,12.0,43.0,"884 | 2,776",0 | 0 | 0,0.0,10 | 17 | 27,0.0,2869.0,884,2776,2020
Massachusetts,10.0,13.0,7.0,"1,038 | 3,415",0 | 1 | 1,1.0,9 | 21 | 30,0.0,3477.0,1038,3415,2020
Michigan,10.0,24.0,236.0,"567 | 1,605",0 | 2 | 2,0.0,24 | 67 | 91,0.0,1968.0,567,1605,2020
Minnesota,146.0,23.0,422.0,"445 | 1,218",0 | 0 | 0,0.0,17 | 26 | 43,0.0,1852.0,445,1218,2020
Mississippi,2.0,8.0,5.0,104 | 344,0 | 0 | 0,2.0,16 | 60 | 76,0.0,437.0,104,344,2020
Missouri,2.0,20.0,115.0,"508 | 2,060",0 | 0 | 0,1.0,22 | 49 | 71,0.0,2269.0,508,2060,2020
Montana,1.0,1.0,1.0,65 | 188,0 | 0 | 0,0.0,14 | 25 | 39,0.0,230.0,65,188,2020
Nebraska,3.0,10.0,88.0,115 | 287,0 | 0 | 0,1.0,5 | 25 | 30,0.0,419.0,115,287,2020
Nevada,2.0,8.0,12.0,"299 | 1,166",0 | 0 | 0,0.0,9 | 13 | 22,0.0,1210.0,299,1166,2020
New Hampshire,2.0,4.0,0.0,131 | 291,0 | 0 | 0,0.0,9 | 13 | 22,0.0,319.0,131,291,2020
New Jersey,4.0,28.0,6.0,"553 | 1,652",0 | 0 | 0,0.0,4 | 9 | 13,0.0,1703.0,553,1652,2020
New Mexico,3.0,11.0,14.0,120 | 376,0 | 0 | 0,1.0,34 | 21 | 55,0.0,460.0,120,376,2020
New York,28.0,62.0,75.0,"2,036 | 6,134",0 | 1 | 1,0.0,13 | 30 | 43,0.0,6343.0,2036,6134,2020
North Carolina,112.0,38.0,96.0,"813 | 2,267",0 | 0 | 0,2.0,13 | 69 | 82,0.0,2597.0,813,2267,2020
North Dakota,1.0,1.0,38.0,42 | 101,0 | 0 | 0,0.0,5 | 19 | 24,0.0,165.0,42,101,2020
Ohio,12.0,54.0,193.0,"656 | 1,845",0 | 1 | 1,3.0,27 | 48 | 75,0.0,2183.0,656,1845,2020
Oklahoma,3.0,117.0,69.0,263 | 693,0 | 0 | 0,0.0,29 | 93 | 122,0.0,1004.0,263,693,2020
Oregon,37.0,15.0,4.0,"745 | 2,121",0 | 0 | 0,2.0,31 | 21 | 52,0.0,2231.0,745,2121,2020
Pennsylvania,5.0,88.0,143.0,"757 | 2,054",0 | 0 | 0,3.0,34 | 56 | 90,0.0,2383.0,757,2054,2020
Rhode Island,4.0,3.0,0.0,148 | 550,0 | 0 | 0,0.0,1 | 4 | 5,0.0,562.0,148,550,2020
South Carolina,34.0,11.0,49.0,309 | 734,0 | 1 | 1,1.0,19 | 36 | 55,0.0,885.0,309,734,2020
South Dakota,0.0,0.0,80.0,45 | 133,0 | 0 | 0,0.0,7 | 16 | 23,0.0,236.0,45,133,2020
Tennessee,9.0,21.0,89.0,"494 | 1,345",0 | 0 | 0,4.0,18 | 45 | 63,0.0,1531.0,494,1345,2020
Texas,26.0,112.0,241.0,"1,579 | 4,807",0 | 0 | 0,16.0,159 | 269 | 428,0.0,5630.0,1579,4807,2020
Utah,0.0,48.0,2.0,"444 | 1,606",0 | 0 | 0,0.0,20 | 23 | 43,0.0,1699.0,444,1606,2020
Vermont,2.0,3.0,0.0,264 | 793,0 | 0 | 0,0.0,0 | 1 | 1,0.0,799.0,264,793,2020
Virginia,10.0,23.0,61.0,"814 | 2,531",0 | 0 | 0,2.0,13 | 70 | 83,0.0,2710.0,814,2531,2020
Washington,36.0,25.0,16.0,"1,235 | 3,817",0 | 1 | 1,1.0,40 | 42 | 82,0.0,3978.0,1235,3817,2020
West Virginia,0.0,3.0,37.0,93 | 258,0 | 0 | 0,0.0,3 | 10 | 13,0.0,311.0,93,258,2020
Wisconsin,4.0,44.0,256.0,381 | 828,0 | 0 | 0,1.0,11 | 51 | 62,0.0,1195.0,381,828,2020
Wyoming,0.0,8.0,10.0,61 | 172,0 | 0 | 0,0.0,9 | 15 | 24,0.0,214.0,61,172,2020
Alabama,10.0,30.0,33.0,277 | 682,0 | 0 | 0,2.0,26 | 42 | 68,0.0,825.0,277,682,2021
Alaska,0.0,1.0,0.0,52 | 94,0 | 0 | 0,0.0,1 | 1 | 2,0.0,97.0,52,94,2021
Arizona,76.0,30.0,20.0,"890 | 2,259",0 | 1 | 1,7.0,36 | 33 | 69,0.0,2462.0,890,2259,2021
Arkansas,17.0,15.0,70.0,164 | 463,0 | 0 | 0,0.0,9 | 26 | 35,0.0,600.0,164,463,2021
California,27.0,323.0,271.0,"14,607 | 41,237",47 | 5 | 52,41.0,135 | 126 | 261,0.0,42212.0,14607,41237,2021
Colorado,6.0,31.0,96.0,"1,619 | 3,992",0 | 1 | 1,1.0,26 | 24 | 50,0.0,4177.0,1619,3992,2021
Connecticut,1.0,17.0,3.0,"533 | 1,430",0 | 1 | 1,0.0,10 | 10 | 20,0.0,1472.0,533,1430,2021
Delaware,0.0,2.0,2.0,134 | 314,0 | 1 | 1,0.0,6 | 3 | 9,0.0,328.0,134,314,2021
District of Columbia,8.0,2.0,4.0,291 | 826,0 | 0 | 0,0.0,0 | 6 | 6,0.0,846.0,291,826,2021
Florida,8.0,56.0,112.0,"2,636 | 6,748",0 | 0 | 0,3.0,75 | 64 | 139,0.0,7066.0,2636,6748,2021
Georgia,4.0,46.0,67.0,"1,585 | 3,947",0 | 0 | 0,4.0,35 | 47 | 82,0.0,4150.0,1585,3947,2021
Hawaii,8.0,0.0,1.0,386 | 839,1 | 1 | 2,0.0,1 | 0 | 1,0.0,851.0,386,839,2021
Idaho,0.0,11.0,5.0,139 | 345,0 | 0 | 0,0.0,10 | 14 | 24,0.0,385.0,139,345,2021
Illinois,19.0,39.0,304.0,"1,079 | 2,764",0 | 0 | 0,2.0,40 | 51 | 91,0.0,3219.0,1079,2764,2021
Indiana,7.0,31.0,247.0,357 | 971,0 | 0 | 0,1.0,24 | 24 | 48,0.0,1305.0,357,971,2021
Iowa,8.0,11.0,341.0,281 | 584,0 | 0 | 0,0.0,25 | 11 | 36,0.0,980.0,281,584,2021
Kansas,7.0,21.0,63.0,"493 | 1,017",0 | 0 | 0,1.0,6 | 28 | 34,0.0,1143.0,493,1017,2021
Kentucky,2.0,9.0,76.0,225 | 532,0 | 0 | 0,1.0,4 | 16 | 20,0.0,640.0,225,532,2021
Louisiana,2.0,22.0,22.0,159 | 385,0 | 0 | 0,1.0,12 | 38 | 50,0.0,482.0,159,385,2021
Maine,1.0,2.0,0.0,301 | 639,0 | 0 | 0,0.0,2 | 6 | 8,0.0,650.0,301,639,2021
Maryland,27.0,15.0,46.0,"1,257 | 3,430",0 | 0 | 0,0.0,18 | 15 | 33,0.0,3551.0,1257,3430,2021
Massachusetts,1.0,13.0,6.0,"2,176 | 4,871",0 | 2 | 2,0.0,19 | 11 | 30,0.0,4923.0,2176,4871,2021
Michigan,10.0,23.0,244.0,"817 | 1,799",1 | 1 | 2,0.0,34 | 53 | 87,0.0,2165.0,817,1799,2021
Minnesota,157.0,23.0,453.0,"586 | 1,385",0 | 0 | 0,0.0,27 | 22 | 49,0.0,2067.0,586,1385,2021
Mississippi,1.0,6.0,4.0,112 | 433,0 | 0 | 0,2.0,18 | 56 | 74,0.0,520.0,112,433,2021
Missouri,2.0,19.0,132.0,"1,047 | 2,188",0 | 0 | 0,1.0,23 | 40 | 63,0.0,2405.0,1047,2188,2021
Montana,0.0,1.0,2.0,75 | 212,0 | 0 | 0,0.0,17 | 11 | 28,0.0,243.0,75,212,2021
Nebraska,3.0,9.0,123.0,182 | 377,0 | 0 | 0,1.0,7 | 20 | 27,0.0,540.0,182,377,2021
Nevada,2.0,5.0,13.0,"451 | 1,361",0 | 0 | 0,0.0,10 | 13 | 23,0.0,1404.0,451,1361,2021
New Hampshire,2.0,4.0,0.0,164 | 357,0 | 0 | 0,0.0,6 | 12 | 18,0.0,381.0,164,357,2021
New Jersey,5.0,28.0,6.0,"749 | 2,021",0 | 0 | 0,0.0,7 | 6 | 13,0.0,2073.0,749,2021,2021
New Mexico,2.0,11.0,18.0,189 | 461,0 | 0 | 0,1.0,34 | 20 | 54,0.0,547.0,189,461,2021
New York,22.0,57.0,80.0,"2,983 | 7,646",0 | 1 | 1,0.0,17 | 29 | 46,0.0,7852.0,2983,7646,2021
North Carolina,110.0,37.0,101.0,"1,120 | 2,789",0 | 0 | 0,1.0,19 | 51 | 70,0.0,3108.0,1120,2789,2021
North Dakota,1.0,1.0,49.0,61 | 139,0 | 0 | 0,0.0,4 | 16 | 20,0.0,210.0,61,139,2021
Ohio,10.0,52.0,212.0,"957 | 2,224",0 | 2 | 2,4.0,28 | 46 | 74,0.0,2578.0,957,2224,2021
Oklahoma,1.0,116.0,88.0,"313 | 1,089",0 | 0 | 0,0.0,32 | 86 | 118,0.0,1412.0,313,1089,2021
Oregon,37.0,15.0,4.0,"994 | 2,433",0 | 0 | 0,2.0,29 | 15 | 44,0.0,2535.0,994,2433,2021
Pennsylvania,5.0,91.0,149.0,"1,148 | 2,688",0 | 0 | 0,3.0,40 | 42 | 82,0.0,3018.0,1148,2688,2021
Rhode Island,2.0,1.0,0.0,255 | 628,0 | 0 | 0,0.0,3 | 2 | 5,0.0,636.0,255,628,2021
South Carolina,33.0,11.0,46.0,385 | 870,0 | 0 | 0,1.0,21 | 25 | 46,0.0,1007.0,385,870,2021
South Dakota,0.0,0.0,83.0,58 | 160,0 | 0 | 0,0.0,7 | 14 | 21,0.0,264.0,58,160,2021
Tennessee,9.0,20.0,95.0,"685 | 1,637",0 | 0 | 0,4.0,23 | 32 | 55,0.0,1820.0,685,1637,2021
Texas,15.0,107.0,272.0,"2,320 | 5,501",0 | 0 | 0,15.0,176 | 208 | 384,0.0,6294.0,2320,5501,2021
Utah,1.0,42.0,1.0,"909 | 1,980",0 | 0 | 0,1.0,21 | 15 | 36,0.0,2061.0,909,1980,2021
Vermont,2.0,3.0,0.0,329 | 878,0 | 0 | 0,0.0,0 | 1 | 1,0.0,884.0,329,878,2021
Virginia,7.0,23.0,64.0,"1,139 | 3,302",0 | 1 | 1,1.0,36 | 49 | 85,0.0,3483.0,1139,3302,2021
Washington,23.0,24.0,14.0,"1,773 | 4,325",0 | 1 | 1,1.0,52 | 26 | 78,0.0,4466.0,1773,4325,2021
West Virginia,1.0,2.0,38.0,110 | 306,0 | 0 | 0,0.0,5 | 12 | 17,0.0,364.0,110,306,2021
Wisconsin,4.0,43.0,262.0,475 | 961,0 | 0 | 0,1.0,17 | 35 | 52,0.0,1323.0,475,961,2021
Wyoming,0.0,9.0,9.0,70 | 184,0 | 0 | 0,0.0,6 | 14 | 20,0.0,222.0,70,184,2021
Alabama,10.0,28.0,31.0,327 | 851,0 | 0 | 0,2.0,29 | 33 | 62,0.0,984.0,327,851,2022
Alaska,0.0,1.0,0.0,61 | 113,0 | 0 | 0,0.0,1 | 1 | 2,0.0,116.0,61,113,2022
Arizona,76.0,28.0,18.0,"984 | 2,661",0 | 1 | 1,5.0,38 | 27 | 65,0.0,2854.0,984,2661,2022
Arkansas,17.0,11.0,74.0,218 | 590,0 | 0 | 0,0.0,17 | 19 | 36,0.0,728.0,218,590,2022
California,33.0,312.0,331.0,"14,609 | 43,589",51 | 6 | 57,40.0,128 | 118 | 246,0.0,44608.0,14609,43589,2022
Colorado,5.0,27.0,95.0,"1,787 | 4,408",0 | 1 | 1,1.0,27 | 22 | 49,0.0,4586.0,1787,4408,2022
Connecticut,1.0,13.0,3.0,"598 | 1,643",0 | 0 | 0,0.0,8 | 10 | 18,0.0,1678.0,598,1643,2022
Delaware,0.0,2.0,2.0,156 | 367,0 | 1 | 1,0.0,7 | 12 | 19,0.0,391.0,156,367,2022
District of Columbia,9.0,3.0,4.0,301 | 972,0 | 0 | 0,0.0,0 | 6 | 6,0.0,994.0,301,972,2022
Florida,5.0,52.0,144.0,"2,923 | 7,818",0 | 0 | 0,3.0,74 | 51 | 125,0.0,8147.0,2923,7818,2022
Georgia,3.0,42.0,59.0,"1,552 | 4,131",0 | 0 | 0,4.0,43 | 37 | 80,0.0,4319.0,1552,4131,2022
Hawaii,11.0,0.0,1.0,405 | 938,1 | 1 | 2,0.0,1 | 0 | 1,0.0,953.0,405,938,2022
Idaho,0.0,11.0,4.0,155 | 382,0 | 0 | 0,0.0,10 | 12 | 22,0.0,419.0,155,382,2022
Illinois,111.0,36.0,294.0,"1,342 | 3,351",0 | 0 | 0,2.0,41 | 44 | 85,0.0,3879.0,1342,3351,2022
Indiana,14.0,20.0,240.0,"404 | 1,093",0 | 0 | 0,1.0,25 | 23 | 48,0.0,1416.0,404,1093,2022
Iowa,272.0,9.0,346.0,305 | 659,0 | 0 | 0,0.0,25 | 9 | 34,0.0,1320.0,305,659,2022
Kansas,11.0,19.0,73.0,"489 | 1,045",0 | 0 | 0,1.0,9 | 27 | 36,0.0,1185.0,489,1045,2022
Kentucky,1.0,7.0,73.0,256 | 629,0 | 0 | 0,1.0,4 | 15 | 19,0.0,730.0,256,629,2022
Louisiana,1.0,20.0,18.0,193 | 475,0 | 0 | 0,1.0,12 | 36 | 48,0.0,563.0,193,475,2022
Maine,1.0,2.0,1.0,412 | 869,0 | 0 | 0,0.0,2 | 6 | 8,0.0,881.0,412,869,2022
Maryland,24.0,15.0,55.0,"1,384 | 3,964",0 | 0 | 0,0.0,18 | 15 | 33,0.0,4091.0,1384,3964,2022
Massachusetts,1.0,13.0,7.0,"2,406 | 5,748",0 | 2 | 2,0.0,20 | 10 | 30,0.0,5801.0,2406,5748,2022
Michigan,8.0,16.0,230.0,"1,149 | 2,703",0 | 2 | 2,0.0,34 | 53 | 87,0.0,3046.0,1149,2703,2022
Minnesota,245.0,21.0,439.0,"601 | 1,533",0 | 0 | 0,0.0,26 | 21 | 47,0.0,2285.0,601,1533,2022
Mississippi,1.0,6.0,5.0,114 | 440,0 | 0 | 0,2.0,16 | 51 | 67,0.0,521.0,114,440,2022
Missouri,14.0,18.0,139.0,"1,029 | 2,216",0 | 0 | 0,1.0,23 | 32 | 55,0.0,2443.0,1029,2216,2022
Montana,0.0,1.0,2.0,98 | 253,0 | 0 | 0,0.0,18 | 11 | 29,0.0,285.0,98,253,2022
Nebraska,24.0,8.0,127.0,214 | 446,0 | 0 | 0,0.0,7 | 20 | 27,0.0,632.0,214,446,2022
Nevada,2.0,5.0,19.0,"478 | 1,670",0 | 0 | 0,0.0,10 | 12 | 22,0.0,1718.0,478,1670,2022
New Hampshire,2.0,4.0,0.0,201 | 466,0 | 0 | 0,0.0,5 | 11 | 16,0.0,488.0,201,466,2022
New Jersey,5.0,27.0,6.0,"938 | 2,713",0 | 0 | 0,0.0,7 | 5 | 12,0.0,2763.0,938,2713,2022
New Mexico,1.0,11.0,17.0,211 | 528,0 | 0 | 0,1.0,43 | 18 | 61,0.0,619.0,211,528,2022
New York,20.0,46.0,80.0,"3,326 | 9,535",0 | 1 | 1,0.0,18 | 27 | 45,0.0,9727.0,3326,9535,2022
North Carolina,108.0,35.0,107.0,"1,166 | 3,040",0 | 0 | 0,1.0,22 | 49 | 71,0.0,3362.0,1166,3040,2022
North Dakota,1.0,1.0,42.0,80 | 172,0 | 0 | 0,0.0,4 | 15 | 19,0.0,235.0,80,172,2022
Ohio,4.0,47.0,210.0,"1,247 | 2,818",0 | 2 | 2,4.0,28 | 44 | 72,0.0,3157.0,1247,2818,2022
Oklahoma,9.0,112.0,95.0,"340 | 1,093",0 | 0 | 0,0.0,34 | 80 | 114,0.0,1423.0,340,1093,2022
Oregon,34.0,14.0,5.0,"1,009 | 2,475",0 | 0 | 0,2.0,28 | 15 | 43,0.0,2573.0,1009,2475,2022
Pennsylvania,4.0,86.0,172.0,"1,326 | 3,251",0 | 0 | 0,2.0,40 | 42 | 82,0.0,3597.0,1326,3251,2022
Rhode Island,3.0,1.0,0.0,297 | 783,0 | 0 | 0,0.0,3 | 2 | 5,0.0,792.0,297,783,2022
South Carolina,32.0,11.0,60.0,413 | 978,0 | 0 | 0,1.0,21 | 25 | 46,0.0,1128.0,413,978,2022
South Dakota,0.0,0.0,81.0,69 | 176,0 | 0 | 0,0.0,4 | 12 | 16,0.0,273.0,69,176,2022
Tennessee,7.0,18.0,93.0,"695 | 1,683",0 | 0 | 0,4.0,27 | 26 | 53,0.0,1858.0,695,1683,2022
Texas,11.0,86.0,262.0,"2,471 | 6,332",0 | 0 | 0,15.0,170 | 193 | 363,0.0,7069.0,2471,6332,2022
Utah,1.0,42.0,1.0,"780 | 1,853",0 | 0 | 0,1.0,21 | 15 | 36,0.0,1934.0,780,1853,2022
Vermont,2.0,2.0,0.0,351 | 898,0 | 0 | 0,0.0,0 | 1 | 1,0.0,903.0,351,898,2022
Virginia,7.0,22.0,72.0,"1,221 | 3,643",0 | 1 | 1,1.0,40 | 42 | 82,0.0,3828.0,1221,3643,2022
Washington,21.0,25.0,12.0,"1,784 | 4,533",0 | 1 | 1,1.0,52 | 19 | 71,0.0,4664.0,1784,4533,2022
West Virginia,1.0,2.0,38.0,137 | 385,0 | 0 | 0,0.0,6 | 11 | 17,0.0,443.0,137,385,2022
Wisconsin,23.0,43.0,257.0,"470 | 1,101",0 | 0 | 0,1.0,21 | 32 | 53,0.0,1478.0,470,1101,2022
Wyoming,0.0,9.0,8.0,86 | 214,0 | 0 | 0,0.0,4 | 12 | 16,0.0,247.0,86,214,2022
